Title,Takeaway,Authors,Year,Citations,Abstract,Study Type,Journal,Journal SJR Quartile,DOI,Consensus Link
"A hybrid framework for notebook market analysis: Integrating social media sentiment mining with expert knowledge for feature prioritization","The hybrid framework combines social media sentiment analysis with expert knowledge to prioritize features in notebooks, revealing key purchase factors and brand-specific market positioning strategies.","Mehrdad Maghsoudi, Mohammadreza Bakhtiari, Hamidreza Bakhtiari",2026,0,"The increasing complexity of consumer preferences in the notebook market requires advanced methodologies to effectively analyze user sentiments and prioritize product features for strategic decision-making. Traditional market research methods often fail to capture real-time, spontaneous consumer feedback while lacking integration with expert knowledge of actual purchasing behavior. This study introduces a novel hybrid framework that systematically combines aspect-based sentiment analysis (ABSA) of social media data with expert evaluations to bridge the gap between expressed consumer preferences and actual purchase drivers. The methodology analyzes 329,091 Twitter posts from January 2023 to June 2024, covering seven major notebook brands. Using the PyABSA framework, consumer sentiments toward 16 key notebook attributes are extracted and analyzed. Expert evaluations, conducted through fuzzy logic defuzzification, assign importance weights based on observed purchasing patterns, with features subsequently ranked using the TOPSIS multi-criteria decision-making method. Findings reveal that price, display quality, CPU performance, RAM capacity, and design constitute the most influential factors in notebook purchasing decisions. Negative sentiments concentrate on cooling systems, battery chargers, and warranty services, indicating critical improvement areas. Brand-specific analysis demonstrates that display quality ranks highest for Lenovo, while price dominates concerns for Dell, HP, and Microsoft, validating distinct market positioning strategies. By integrating machine learning-based sentiment analysis with structured expert knowledge, this research provides manufacturers with a quantifiable, actionable framework for optimizing product development and marketing strategies. The methodology enables companies to prioritize genuinely purchase-influencing features while addressing critical pain points, enhancing competitive positioning in dynamic markets. Future research should expand to cross-cultural consumer behavior analysis and real-time sentiment tracking systems.

Copyright: © 2026 Maghsoudi et al. This is an open access article distributed under the terms of the Creative Commons Attribution License, which permits unrestricted use, distribution, and reproduction in any medium, provided the original author and source are credited.","other","PLOS One","1","10.1371/journal.pone.0342067","https://consensus.app/papers/a-hybrid-framework-for-notebook-market-analysis-maghsoudi-bakhtiari/3712fedc1da850278e4cb33d2cfae001/"
"A study on the influence of online reviews of new products on consumers’ purchase decisions: An empirical study on JD.com","Online reviews influence consumer purchase decisions, but the impact varies across different consumer focus factors and the interaction between review features is complex.","Minjung Kang, Bing Sun, Tian Liang, Hongying Mao",2022,38,"With the prevalence of the Internet and new media channels, consumer reviews have become one of the main determinants of Consumers’ purchasing decisions. This paper uses the Latent Dirichlet Allocation (LDA) model to identify the key factors that are of major concern to consumers, including design factors, laptop setup factors, logistics factors, after-sales factors, and user experience factors. And, we classify these factors into product quality factors and supporting service factors for new products. We then explore the relationship between online reviews and purchase decisions under these different factors, and also further explore the impact of interactions between online review metrics on purchase decisions. Our findings suggest that the impact of online reviews on consumer purchase decisions also varies considerably across different consumer focus factors. In addition, we find that the impact of the interaction between online review features is complex. In particular, consumers do not follow the positive guidance and make purchase decisions as we would expect when confronted with a large number of positive emotional polarity online reviews. Meanwhile, the interaction between negative emotional polarity and variance of online reviews had no significant effect on consumer purchase decisions. The variance of online reviews has a limited role in reducing consumer risk perceptions triggered by negative emotional polarity. Our study provides new evidence for the study of the impact of online reviews through text mining.","cross-sectional study","Frontiers in Psychology","2","10.3389/fpsyg.2022.983060","https://consensus.app/papers/a-study-on-the-influence-of-online-reviews-of-new-products-on-kang-sun/2c496929842f512b9ddc3b5a3bfd1ed0/"
"Determinants of innovative green electronics: An experimental study of eco-friendly laptop computers","Eco-friendly laptop computers with a median price, solar battery, alloy-based shell, multicore CPU, LED monitor, SSD storage device, and recycled paper keyboard are most preferred by users.","Chi-Shun Liao, Hui-Kai Chuang",2021,19,"","other","Technovation","1","10.1016/j.technovation.2021.102424","https://consensus.app/papers/determinants-of-innovative-green-electronics-an-liao-chuang/1414e8b12a425ce089b306bc479d5d04/"
"Understanding the factors influencing acceptability of AI in medical imaging domains among healthcare professionals: A scoping review","Increasing AI acceptability among medical professionals requires designing human-centered AI systems that consider accessibility, clinical workflow practices, institutional context, and healthcare professional norms.","David Hua, N. Petrina, Noel Young, Jin-Gun Cho, Simon K. Poon",2023,86,"","systematic review","Artificial intelligence in medicine","1","10.1016/j.artmed.2023.102698","https://consensus.app/papers/understanding-the-factors-influencing-acceptability-of-hua-petrina/5641146ea06859d78219d5639427d67b/"
"Research Trends in Artificial Intelligence Applications in Human Factors Health Care: Mapping Review","Human factors researchers should play a key role in designing and implementing AI systems in healthcare, focusing on user-centered design and ecological validity.","Onur Asan, Avishek Choudhury",2021,87,"Background: Despite advancements in artificial intelligence (AI) to develop prediction and classification models, little research has been devoted to real-world translations with a user-centered design approach. AI development studies in the health care context have often ignored two critical factors of ecological validity and human cognition, creating challenges at the interface with clinicians and the clinical environment.

Objective: The aim of this literature review was to investigate the contributions made by major human factors communities in health care AI applications. This review also discusses emerging research gaps, and provides future research directions to facilitate a safer and user-centered integration of AI into the clinical workflow.

Methods: We performed an extensive mapping review to capture all relevant articles published within the last 10 years in the major human factors journals and conference proceedings listed in the ""Human Factors and Ergonomics"" category of the Scopus Master List. In each published volume, we searched for studies reporting qualitative or quantitative findings in the context of AI in health care. Studies are discussed based on the key principles such as evaluating workload, usability, trust in technology, perception, and user-centered design.

Results: Forty-eight articles were included in the final review. Most of the studies emphasized user perception, the usability of AI-based devices or technologies, cognitive workload, and user's trust in AI. The review revealed a nascent but growing body of literature focusing on augmenting health care AI; however, little effort has been made to ensure ecological validity with user-centered design approaches. Moreover, few studies (n=5 against clinical/baseline standards, n=5 against clinicians) compared their AI models against a standard measure.

Conclusions: Human factors researchers should actively be part of efforts in AI design and implementation, as well as dynamic assessments of AI systems' effects on interaction, workflow, and patient outcomes. An AI system is part of a greater sociotechnical system. Investigators with human factors and ergonomics expertise are essential when defining the dynamic interaction of AI within each element, process, and result of the work system.

©Onur Asan, Avishek Choudhury. Originally published in JMIR Human Factors (https://humanfactors.jmir.org), 18.06.2021.","systematic review","JMIR Human Factors","2","10.2196/28236","https://consensus.app/papers/research-trends-in-artificial-intelligence-applications-asan-choudhury/c039208f74c2536b841e47f1a02c5edb/"
"An automated data-driven approach for product design strategies to respond to market disruption following COVID-19","Post-COVID-19, customer satisfaction for smartphone screens and cameras decreased, while laptop satisfaction increased, with battery features becoming more important in both smartphones and laptops.","Seyoung Park, Kangcheng Lin, Junegak Joung, Harrison Kim",2024,3,"
 Online reviews provide a source to identify customer needs. While many studies have analyzed online reviews during the pandemic, it's worth noting that many customer preference studies in this period were not conducted within a product design context. The societal challenges presented by the prolonged COVID-19 pandemic, spanning nearly three years, have significantly impacted all facets of the population in a manner unparalleled in recent decades. Therefore, this research delves into the post-COVID-19 landscape, examining shifts in consumer preferences for diverse product features through an analysis of online reviews. Our framework unfolds in four stages: First, it delves into customer interest in product features after data collection. Second, it analyzes customer sentiments towards these features. Third, employing interpretable machine learning techniques, it determines the significance of each feature. Fourth, it juxtaposes short-term and long-term sentiment trends alongside feature importance for comparison. In addition, Importance-Performance Analysis (IPA) and Kano models are utilized to formulate and analyze product strategies. The developed method is assessed on two real-world datasets – smartphone and laptop reviews. The results reveal that after the pandemic, customer satisfaction for the screen and camera in smartphones decreased, whereas it increased for those in laptops. In addition, the importance of battery features in smartphones and laptops has increased. These insights will aid companies in promptly formulating strategies to navigate dynamic market environments.","theoretical, modeling, or simulation study","Journal of Mechanical Design","","10.1115/1.4066684","https://consensus.app/papers/an-automated-datadriven-approach-for-product-design-park-lin/2cda3a012b655f4e812b9b32c78e4fab/"
"Global Perspectives on Laptop Features: A Sentiment Analysis of User Preferences in Developed and Developing Countries","Laptop users in developing countries express higher satisfaction, while those in developed countries have more critical views on performance-related features.","Mehrdad Maghsoudi, Mohammadreza Bakhtiari, Hamidreza Bakhtiari",2025,4,"This study examines laptop user sentiments across developed and developing countries using aspect-based sentiment analysis (ABSA) on social media data. Employing a mixed-methods approach, the research combines large-scale sentiment analysis of 1,467,535 tweets with expert insights gathered through a Delphi panel of ten industry professionals. The study analyzes user opinions on 16 key laptop features, revealing distinct preferences and pain points between users in developed and developing nations. Findings show that consumers in developing countries express higher overall satisfaction, while those in developed countries demonstrate more critical views, particularly regarding performance-related features. Universal concerns include battery life and cooling efficiency. The research identifies key priorities for each market: high performance and advanced features for developed countries, and affordability, durability, and reliability for developing nations. Based on these insights, the study proposes tailored strategies for laptop manufacturers, including differentiated product lines, universal charging solutions, and market-specific innovations in cooling systems and warranties. The methodology incorporates data preprocessing, ABSA implementation using the PyABSA framework, and a three-phase Delphi process for expert analysis. This comprehensive analysis provides valuable guidance for product development and marketing strategies in the global laptop industry, emphasizing the importance of market-specific approaches to enhance user satisfaction and maintain competitiveness. The study also acknowledges limitations and suggests directions for future research, including multi-source data analysis and longitudinal studies.","mixed methods study","IEEE Access","1","10.1109/access.2025.3528324","https://consensus.app/papers/global-perspectives-on-laptop-features-a-sentiment-maghsoudi-bakhtiari/ded252e0c0b252e9b34e5a34a11bf886/"
"Enhancing digital readiness and capability in healthcare: a systematic review of interventions, barriers, and facilitators","Interventions enhancing performance expectancy, addressing effort expectancy, improving facilitating conditions, and leveraging social influence are essential for successful digital health adoption among healthcare professionals.","N. Alotaibi, C. Wilson, Marian Traynor",2025,112,"Introduction: The rapid integration of digital technologies in healthcare requires healthcare professionals to be digitally ready and capable. This systematic review aims to identify interventions that improve digital readiness and capability among health professionals and to understand the barriers and facilitators they encounter during this digital transformation.

Methodology: A mixed-methods systematic review was conducted following the Joanna Briggs Institute (JBI) guidelines. We searched five databases CINAHL Plus, MEDLINE, EMBASE, PsychINFO, and Web of Science. The review used the Unified Theory of Acceptance and Use of Technology (UTAUT) framework to investigate factors influencing technology adoption. Studies were selected based on predefined inclusion and exclusion criteria, focusing on health professionals' digital capability in healthcare settings. Quality assessment was performed using the MMAT checklist, and data were analysed and synthesized to extract relevant themes and sub-themes.

Results: Initially, 1140 studies were identified, with 21 meeting the inclusion criteria after screening. These studies, published between 2017 and 2023.The results were categorized into four main themes: Performance Expectancy, Effort Expectancy, Facilitating Conditions, and Social Influence, with two sub-themes. The studies indicated that technology positively impacts job performance, facilitating acceptance among healthcare professionals. Ease of use was crucial for technology acceptance, while complexity and multiple logins were significant barriers. The importance of sufficient training and organizational support was highlighted to enhance digital competency and address technical issues, with inadequate training and infrastructure being major barriers. Social influence, including motivation of healthcare workers and shared decision-making, played a significant role in technology acceptance.

Conclusion: This review highlights critical factors influencing the digital readiness and capability of healthcare professionals. Interventions enhancing performance expectancy, addressing effort expectancy, improving facilitating conditions, and leveraging social influence are essential for successful digital health adoption. Future research should develop comprehensive frameworks to overcome barriers and promote digital health readiness. Integrating specialized training into educational programs is crucial for preparing healthcare professionals to navigate the evolving digital landscape.

© 2025. The Author(s).","systematic review","BMC Health Services Research","1","10.1186/s12913-025-12663-3","https://consensus.app/papers/enhancing-digital-readiness-and-capability-in-healthcare-alotaibi-wilson/9b206867925658839dc449412ea9d1b6/"
"A systematic review of work-related musculoskeletal disorders and risk factors among computer users","The prevalence of work-related musculoskeletal disorders (WMSDs) among computer users is high, with prolonged computer use, repetitive motions, and poor posture being significant risk factors.","Biruk Demissie, Eniyew Tegegne Bayih, Alelign Alemu Demmelash",2024,71,"","systematic review","Heliyon","1","10.1016/j.heliyon.2024.e25075","https://consensus.app/papers/a-systematic-review-of-workrelated-musculoskeletal-demissie-bayih/9fad4522096950d887b1180d97383ecf/"
"Decision Factors for Remote Work Adoption: Advantages, Disadvantages, Driving Forces and Challenges","Remote work adoption offers cost-reduction and flexibility for work-life balance, but faces communication, technical, and management challenges.","R. Ferreira, R. Pereira, I. Bianchi, M. D. da Silva",2021,152,"Facing one of the most challenging pandemics for organizational modus operandi (COVID-19), organizations are struggling for operational and strategic support. The adoption of remote work (RW) is increasing. For economic reasons, competitive advantage, or even as a pandemic response (business continuity plan), RW is a domain worth further investigation. However, the literature lacks insight regarding RW adoption. A design science research methodology was adopted, including a systematic literature review to elicit RW advantages, disadvantages, challenges and driving forces, as well as their relation. To evaluate and demonstrate findings, 129 qualitative interviews were performed with RW professionals. In the end, 57 decision factors were elicited, and 16 relations were validated. The authors concluded that cost-reduction and flexibility to promote work–life balance is the most positive outputs, while communication and technical problems, as well as management issues, are what most concerns professionals. Moreover, positive relations are more recognized among professionals over negative ones.","systematic review","Journal of Open Innovation: Technology, Market, and Complexity","1","10.3390/joitmc7010070","https://consensus.app/papers/decision-factors-for-remote-work-adoption-advantages-ferreira-pereira/219b92e4490d51db89b256586cc43c9d/"
"Determination of Interaction Between Criteria and the Criteria Priorities in Laptop Selection Problem","Brand image and price are the most important criteria in laptop selection, with other/peripheral properties and price having two-thirds priority among six main criteria.","Fatma Sönmez Çakır, Mehmet Pekkaya",2020,15,"The statistic of global laptop shipment showed that 161.6 million laptops were sold, 65.23% more than desktop-PCs, and almost the same quantity as tablets in 2017. So, laptop demand is quite high and needs to be researched on what kind of criteria (properties) are crucial. Since there are more than one criteria, this study focuses on multi-criteria decision-making (MCDM) methods in selecting laptops. This study aims to determine the interaction between criteria, and the criteria priorities in laptop selection problem that can be added/changing new features every day and to present the findings/results to the researcher/decision-makers. DEMATEL method is used for determining the interactions which are not observed in laptop literature, and fuzzy AHP is for criteria priorities. The price and brand image of a laptop have more interrelated action than the other main criteria. According to results, the brand image is determined as the most important criteria. Along with the brand image, other/peripheral properties and price criteria have totally two-thirds priority among six main criteria. The brand image along with the price had a dominant effect on other criteria according to the interaction matrices/diagrams. This study also shows that criteria priority results should be considered along with interaction matrices/diagrams that may produce such following information: speed, storage, monitor and other/peripheral properties criteria have overall effecting feature but not strongly, while brand image is a transition criterion along with having the highest priority, and the price criterion is obviously being affected by all criteria.","theoretical, modeling, or simulation study","International Journal of Fuzzy Systems","2","10.1007/s40815-020-00857-2","https://consensus.app/papers/determination-of-interaction-between-criteria-and-the-akr-pekkaya/748cd832417953428ff34d3fdb823403/"
"Analysing product attributes of refurbished laptops based on customer reviews and ratings: machine learning approach to circular consumption","Brand, design, price, and utility are the most prominent attributes influencing consumers' decision-making when purchasing refurbished laptops, while performance and services often generate neutral or negative sentiments.","Animesh Ghosh, Devanshu Pathak, Prabha Bhola, D. Bhattacharjee, U. Sivarajah",2023,10,"Reviews and ratings of consumers towards a product impact consumer decision-making and their perceptions. Such information is key in measuring consumer satisfaction and net promoter scores. However, when the reviewed products are refurbished, consumer reviews become more important because information influences consumer behaviour and attitude toward looped products. This research explores the decision-influencing attributes of consumers while purchasing refurbished goods using quantitative and qualitative methods. Online after-sales 1986 laptop customers’ review and rating data in the public domain were analysed to reveal the decision-influencing attributes and their impact on potential consumers. The study envisions assisting the operations of sellers in the refurbished market by strengthening their businesses' value proposition and stimulating reverse logistics entrepreneurs to use the opportunity. Review data containing lifecycle valuation of old laptops induced feature extraction by machine learning applications. It is beneficial to sellers in the refurbished product segment. It provides information to strengthen their value proposition and is informative to entrepreneurs wanting to enter the segment. Based on the text analysis of consumer reviews, the study's results show that price, brand, design, performance, services, and utility influence consumers. The frequency analysis technique was used to extract attributes, followed by content analysis and feature selection using SHapley Additive exPlanations (SHAP) for exploring correlations between features and star ratings. Lastly, multinomial logistic regression was used to validate the generated model. The results show that brand, design, price, and utility are the most prominent attributes influencing consumers' decision-making with positive sentiments. In contrast, performance and services often generate neutral and negative sentiments.","cross-sectional study","Annals of Operations Research","1","10.1007/s10479-023-05758-9","https://consensus.app/papers/analysing-product-attributes-of-refurbished-laptops-ghosh-pathak/4e84c43e1c305f9aaaa58af053c8961a/"
"Consumers’ response to environmentally-friendly food packaging - A systematic review","Consumers need guidance in recognizing environmentally-friendly packaging, lack knowledge about new packaging materials, and prioritize other product attributes over environmentally-friendly packaging.","Meike Ketelsen, Meike Janssen, U. Hamm",2020,347,"","systematic review","Journal of Cleaner Production","1","10.1016/j.jclepro.2020.120123","https://consensus.app/papers/consumers-response-to-environmentallyfriendly-food-ketelsen-janssen/6c23aa523f5352b39bbf8c8a4ec7372b/"
"A multigrained preference analysis method for product iterative design incorporating AI-generated review detection","The proposed multigrained user preference analysis method, incorporating AI-generated review detection, effectively analyzes user preferences at the granularity of product attributes and design features, guiding cost control and optimization in product development.","Zhaojing Su, Mei Yang, Qingbo Zhai, Kai Guo, Yuexin Huang, Yang Cong",2025,5,"Online reviews significantly influence consumer purchasing decisions and serve as a vital reference for product improvement. With the surge of generative artificial intelligence (AI) technologies such as ChatGPT, some merchants might exploit them to fabricate deceptive positive reviews, and competitors may also fabricate negative reviews to influence the opinions of consumers and designers. Attention must be paid to the trustworthiness of online reviews. In addition, the opinions expressed by users are limited, and design details hidden behind reviews also affect the product usage experience. Therefore, on the basis of integrated AI-generated review detection, a multigrained user preference analysis method is proposed in this work. The proposed method utilizes pre-trained language models and designs an authenticity detection model for online reviews. Subsequently, attribute-grained preference analysis is considered a text-filling problem and uses the text-infilling objective for domain-adaptive pretraining, facilitating knowledge transfer. On the basis of the feature selection algorithm, a calculation method for the importance of product design features is proposed by introducing a random idea. The proposed method analyzes user preferences at the granularity of product attributes and design features, enabling targeted cost control and optimization in product development and guiding design decisions. Rigorous comparative and few-shot experiments substantiate the superiority of the proposed method.

© 2025. The Author(s).","theoretical, modeling, or simulation study","Scientific Reports","1","10.1038/s41598-025-86551-5","https://consensus.app/papers/a-multigrained-preference-analysis-method-for-product-su-yang/6e7e55700174535fa7ac3eb31cb26dd5/"
"The adoption of digital technologies in supply chains: Drivers, process and impact","Manufacturing firms adopt digital technologies due to technological intelligence and supply chain cooperation, leading to improved supply chain efficiency, structure, sustainability, and innovation.","Miying Yang, Ming-Dung Fu, Zihan Zhang",2021,429,"","theoretical, modeling, or simulation study","Technological Forecasting and Social Change","1","10.1016/j.techfore.2021.120795","https://consensus.app/papers/the-adoption-of-digital-technologies-in-supply-chains-yang-fu/29671026a0c65aa59477bba12f7d3c3e/"
"Navigating Digital Transformation and Technology Adoption: A Literature Review from Small and Medium-Sized Enterprises in Developing Countries","Basic information systems are the primary form of technology adoption in SMEs in developing countries, with community-driven efforts playing a crucial role in promoting adoption.","Jaime Díaz-Arancibia, J. Hochstetter-Diez, Ana Bustamante-Mora, Samuel Sepúlveda-Cuevas, Isidora Albayay, Jeferson Arango-López",2024,124,"This article examines digital transformation and technology adoption within small and medium-sized enterprises (SMEs) in developing countries. It focuses on identifying the mechanisms that facilitate or hinder the integration of new technologies in these contexts, often constrained by specific socioeconomic and cultural factors. The research employed a systematic literature review, adhering to a structured protocol to explore existing studies. Critical stages of this review included defining research questions, developing a comprehensive search strategy, and systematically selecting and analyzing relevant studies from significant databases. The review reveals a significant emphasis on basic information systems as the primary form of technology adoption in SMEs within developing countries, with more advanced technologies like cloud computing and artificial intelligence being less common. Factors such as the entrepreneurial ecosystem and external social influences, including government and private sector initiatives, play pivotal roles in shaping these adoption patterns. This study underscores the critical role of community-driven efforts in promoting technology adoption over initiatives by the public and private sectors. The findings suggest a need for future research to develop tailored technological adoption models that accommodate the unique challenges of SMEs in developing countries. Additionally, more inclusive approaches that consider sociocultural dynamics could further enhance the effectiveness of technology integration strategies in these regions.","systematic review","Sustainability","1","10.3390/su16145946","https://consensus.app/papers/navigating-digital-transformation-and-technology-daz-arancibia-hochstetter-diez/cb248f4f94465fcaa7e874d121f05732/"
"Unveiling the impact of the adoption of digital technologies on firms’ innovation performance","Digital technologies have very low impact on innovation performance, with R&D expenses being the most reliable predictor of innovation.","Antonio Usai, Fabio Fiano, A. Petruzzelli, P. Paoloni, M. F. Briamonte, Beatrice Orlando",2021,470,"","cross-sectional study","Journal of Business Research","1","10.1016/j.jbusres.2021.04.035","https://consensus.app/papers/unveiling-the-impact-of-the-adoption-of-digital-usai-fiano/1b7e49b31cda5517978d3d00996ff2e6/"
"Consumers’ purchase behaviour and green marketing: A synthesis, review and agenda","Consumers' attitudes towards green products are influenced by environmental concerns, eco-labelling, past experiences, and perceived usefulness, while barriers include environmental knowledge, price, perceived risks, organizational image, trust, and willingness to pay.","A. Sharma",2021,312,"<jats:title>Abstract</jats:title><jats:p>The study presents an overview of green marketing and the gap between attitude and actual purchase behaviour of consumers towards green products. A total of 232 studies have been analysed using a systematic review to develop a green purchase decision‐making model. A thematic analysis helped in the identification of three major themes namely; personal factors affecting green purchase; green purchase; and green marketing mix. The concern for eco‐environment, eco‐labelling, past experiences and perceived usefulness have been identified as major influencers of green consumer behaviour. Lack of environmental knowledge, price, perceived associated risks, organizational image, trust, and willingness to pay has been identified as barriers, creating a gap between attitude and actual purchase behaviour of consumers towards green products. On the basis of analysis, a green purchase decision model has been proposed and also potential areas of future research have been suggested.</jats:p>","systematic review","International Journal of Consumer Studies","1","10.1111/ijcs.12722","https://consensus.app/papers/consumers-purchase-behaviour-and-green-marketing-a-sharma/524f94f02621524c9428bea3a0758848/"
"A consumers' Kansei needs mining and purchase intention evaluation method based on fuzzy linguistic theory and multi-attribute decision making method","This paper proposes a CKN mining and purchase intention evaluation method, using fuzzy linguistic theory and multi-attribute decision-making method, to predict consumers' Kansei preferences and rank alternative products.","Pengchao Wang, Jianjie Chu, Suihuai Yu, Chen Chen, Yukun Hu",2024,14,"","","Adv. Eng. Informatics","1","10.1016/j.aei.2023.102267","https://consensus.app/papers/a-consumers-kansei-needs-mining-and-purchase-intention-wang-chu/514efc8a76be554a8114dca0e6671fa0/"
"Survey of feature selection and extraction techniques for stock market prediction","Correlation criteria, random forest, principal component analysis, and autoencoder are the most widely used feature selection and extraction techniques for stock market prediction, with the best prediction accuracy.","Htet Htet Htun, Michael Biehl, N. Petkov",2023,212,"In stock market forecasting, the identification of critical features that affect the performance of machine learning (ML) models is crucial to achieve accurate stock price predictions. Several review papers in the literature have focused on various ML, statistical, and deep learning-based methods used in stock market forecasting. However, no survey study has explored feature selection and extraction techniques for stock market forecasting. This survey presents a detailed analysis of 32 research works that use a combination of feature study and ML approaches in various stock market applications. We conduct a systematic search for articles in the Scopus and Web of Science databases for the years 2011-2022. We review a variety of feature selection and feature extraction approaches that have been successfully applied in the stock market analyses presented in the articles. We also describe the combination of feature analysis techniques and ML methods and evaluate their performance. Moreover, we present other survey articles, stock market input and output data, and analyses based on various factors. We find that correlation criteria, random forest, principal component analysis, and autoencoder are the most widely used feature selection and extraction techniques with the best prediction accuracy for various stock market applications.

© The Author(s) 2023.","systematic review","Financial Innovation","1","10.1186/s40854-022-00441-7","https://consensus.app/papers/survey-of-feature-selection-and-extraction-techniques-for-htun-biehl/1d8948041ae6558ea633224593e30353/"
"Drivers of Digital Transformation in SMEs","Technology context, innovation, corporate regulation, skills, and financial resources are key drivers in digital technology adoption in SMEs, while environmental factors have a marginal impact.","Nessrine Omrani, N. Rejeb, A. Maalaoui, Marina Dabić, S. Kraus",2024,242,"This study aims to identify and analyze factors determining the adoption of digital technologies in SMEs. Drawing on the technology–organization–environment framework, the study highlights enabling factors from three different contexts and hypothesizes their relationship with digital technology adoption. The data used were collected from 15 346 European Union and non-European Union SMEs to test an ordered logit regression model that highlights the factors associated with an increased level of digital technologies adoption in SMEs. The empirical results show that the technology context (IT infrastructure and digital tools) along with the existing level of innovation are the main drivers that act as stepping stones in digital technology adoption. Corporate regulation, available skills, and financial resources (as organizational variables) also play a significant role in the adoption decision. Unexpectedly, the influence of the environmental context is marginal. The implications of this study are emphasized for theory and practice, laying a foundation for further empirical studies in this field. Managerial relevance statement: This article reviews the empirical research on digital technologies adoption and examines the drivers of such adoption in SMEs. The factors identified provide guidance for practitioners adopting digital technologies in SMEs, by suggesting they assess the readiness of their firms before investing in digital technology. This research helps advance the conversation on digitalization drivers especially by bringing the discussion into the organization boundaries, as our findings highlight the predominance of organizational drivers over the technological and environmental ones. SMEs have to overcome the challenges associated with constructing an IT infrastructure capable of implementing new technologies. Indeed, while striving to adopt new digital technologies (e.g., AI, big data, IoT), many SMEs are still unprepared. Therefore, rather than adopting mimetic behaviors based on external pressure, SMEs that aim for digitalization should first assess their existing technologies, and further develop a meticulous technological roadmap that includes skills upgrades and investments in upskilling employees’ capabilities. Therefore, developing a fully integrated strategic approach is crucial before the adoption of digital technologies","cross-sectional study","IEEE Transactions on Engineering Management","1","10.1109/tem.2022.3215727","https://consensus.app/papers/drivers-of-digital-transformation-in-smes-omrani-rejeb/675e52f2655a5053be486bb7f91fa3bf/"
"A Systematic Review of Virtual Reality Features for Skill Training","Virtual Reality features impact skill training in complex, context-dependent ways, with a focus on skill-based learning outcomes and predominantly subjective assessment methods.","H. M. Tusher, S. Mallam, Salman Nazir",2024,61,"The evolving complexity of Virtual Reality (VR) technologies necessitates an in-depth investigation of the VR features and their specific utility. Although VR is utilized across various skill-training applications, its successful deployment depends on both technical maturity and context-specific suitability. A comprehensive understanding of advanced VR features, both technical and experiential, their prospective impact on designated learning outcomes, and the application of appropriate assessment methodologies is essential for the effective utilization of VR technologies. This systematic literature review explored the inherent associations between various VR features employed in professional training environments and their impact on learning outcomes. Furthermore, this review scrutinizes the assessment techniques employed to gauge the effects of VR applications in various learning scenarios. The Preferred Reporting Items for Systematic Reviews and Meta-Analyses (PRISMA) method was used to systematically select 50 empirical VR studies sourced from three (03) academic databases. The analysis of these articles revealed complex, context-dependent relationships between VR features and their impact on professional training, with a pronounced emphasis on skill-based learning outcomes over cognitive and affective ones. This review also highlights the predominantly subjective nature of the assessment methods used to measure the effects of VR training. Additionally, the findings call for further empirical exploration in novel skill training contexts encompassing cognitive and affective learning outcomes, as well as other potential external factors that may influence learning outcomes in VR.","systematic review","Technology, Knowledge and Learning","1","10.1007/s10758-023-09713-2","https://consensus.app/papers/a-systematic-review-of-virtual-reality-features-for-skill-tusher-mallam/dd13ca8b63a759e480a79ec7fa922fcb/"
"Workplace 4.0: Exploring the Implications of Technology Adoption in Digital Manufacturing on a Sustainable Workforce","Digital manufacturing technology adoption faces challenges like job displacement, employee acceptance, trust, and privacy, requiring targeted interventions at individual and organizational levels for sustainable workforce development.","Natalie Leesakul, A. Oostveen, Iveta Eimontaite, Max L. Wilson, R. Hyde",2022,91,"As part of the Industry 4.0 movement, the introduction of digital manufacturing technologies (DMTs) poses various concerns, particularly the impact of technology adoption on the workforce. In consideration of adoption challenges and implications, various studies explore the topic from the perspective of safety, socio-economic impact, technical readiness, and risk assessment. This paper presents mixed methods research to explore the challenges and acceptance factors of the adoption of human-robot collaboration (HRC) applications and other digital manufacturing technologies from the perspective of different stakeholders: from manufacturing employees at all levels to legal experts to consultants to ethicists. We found that some of the prominent challenges and tensions inherent in technology adoption are job displacement, employee’s acceptance, trust, and privacy. This paper argues that it is crucial to understand the wider human factors implications to better strategize technology adoption; therefore, it recommends interventions targeted at individual employees and at the organisational level. This paper contributes to the roadmap of responsible DMT and HRC implementation to encourage a sustainable workforce in digital manufacturing.","","Sustainability","1","10.3390/su14063311","https://consensus.app/papers/workplace-40-exploring-the-implications-of-technology-leesakul-oostveen/370057cf81bd5927b520c4e238b17a88/"
"Wearable Devices for Ergonomics: A Systematic Literature Review","Wearable devices, such as sensor systems and smartwatches, can improve ergonomic conditions by monitoring and reducing awkward postures, and suggest future research directions.","E. Stefana, F. Marciano, D. Rossi, P. Cocca, Giuseppe Tomasoni",2021,137,"Wearable devices are pervasive solutions for increasing work efficiency, improving workers' well-being, and creating interactions between users and the environment anytime and anywhere. Although several studies on their use in various fields have been performed, there are no systematic reviews on their utilisation in ergonomics. Therefore, we conducted a systematic review to identify wearable devices proposed in the scientific literature for ergonomic purposes and analyse how they can support the improvement of ergonomic conditions. Twenty-eight papers were retrieved and analysed thanks to eleven comparison dimensions related to ergonomic factors, purposes, and criteria, populations, application and validation. The majority of the available devices are sensor systems composed of different types and numbers of sensors located in diverse body parts. These solutions also represent the technology most frequently employed for monitoring and reducing the risk of awkward postures. In addition, smartwatches, body-mounted smartphones, insole pressure systems, and vibrotactile feedback interfaces have been developed for evaluating and/or controlling physical loads or postures. The main results and the defined framework of analysis provide an overview of the state of the art of smart wearables in ergonomics, support the selection of the most suitable ones in industrial and non-industrial settings, and suggest future research directions.","systematic review","Sensors (Basel, Switzerland)","1","10.3390/s21030777","https://consensus.app/papers/wearable-devices-for-ergonomics-a-systematic-literature-stefana-marciano/f04bc41ee531589dbfb920c9812c22fb/"
"Adoption and performance outcome of digitalization in small and medium-sized enterprises","Digitalization in SMEs is simplified by appropriate technologies and a workforce with the right digital skills, but hindered by risk-averse culture and outdated legacy systems.","Andreas Kallmuenzer, A. Mikhaylov, Mihaela Chelaru, Wojciech Czakon",2024,150,"Digital transformation has a profound impact on businesses and various implications for firms. While some effectively navigate this digital shift, harnessing the benefits of modern technologies, many small and medium-sized enterprises (SMEs) struggle to seize the opportunities presented by this transformative process, despite its unprecedented potential. Decision-makers within SMEs often grapple with uncertainty surrounding the digitalization process, leading to hesitancy in embracing available technologies. This qualitative study endeavors to address this challenge by exploring the enablers and barriers of digitalization adoption within SMEs, while also assessing its impact on performance. In-depth interviews were conducted with SME managers, with the results revealing that several factors simplify the process of digitization in SMEs, including the appropriate technologies, and a workforce equipped with the right digital skills to use them. Conversely, we identified elements that pose barriers to digitalization, such as the risk-averse culture prevalent in many SMEs, and their reliance on outdated legacy systems. In summary, our research underscores the importance of a strategic interplay of these elements for effective digitization within SMEs. This study sheds light on the intricacies of the digitalization process, while also providing valuable insights into the factors influencing its adoption and the resulting performance outcomes in the SME context.","interview study","Review of Managerial Science","1","10.1007/s11846-024-00744-2","https://consensus.app/papers/adoption-and-performance-outcome-of-digitalization-in-kallmuenzer-mikhaylov/34dfb8e681ec5abbbb4afed125391423/"
"COVID-19 and digitalization: The great acceleration","COVID-19 is driving businesses to adopt digitalization, but challenges and risks may hinder its adoption and impact employee well-being.","J. Amankwah‐Amoah, Zaheer Khan, G. Wood, G. Knight",2021,716,"","","Journal of Business Research","1","10.1016/j.jbusres.2021.08.011","https://consensus.app/papers/covid19-and-digitalization-the-great-acceleration-amankwahamoah-khan/6cf5f3e6fd2e5727a74781f5e00d0b3c/"
"A Comparative Study: Blockchain Technology Utilization Benefits, Challenges and Functionalities","Blockchain technology offers benefits and advantages in various sectors, but faces challenges and functionalities.","Omar Ali, Ashraf Jaradat, Atik Kulakli, Ahmed Abuhalimeh",2021,180,"Blockchain technology enables users to verify, preserve, and synchronize the contents of a data sheet (a transaction ledger) replicated by multiple users. Blockchain technology has provided considerable advantages and incentives to industries in terms of enabling better services. This review aims to explore the benefits, challenges and functionalities that affect blockchain applications in different sectors. This article is constructed as a systematic literature review study. From 1976 articles, 168 final articles were selected and classified into three main dimensions, that is, benefits, challenges, and functionalities, in four different sectors: government, financial, manufacturing, and healthcare. The results were extracted and compared based on factors in three dimensions, which were categorized as benefits (informational, technological, economic, organizational, and strategic), challenges (technological, organizational, adoption, operational, and environmental and sustainability), and functionalities (point-to-point transmission, data ownership, data protection, and transaction processing). The results of this review study aim to support professionals, practitioners, and stakeholders who wish to implement and manage transformation projects related to blockchain in their sectors. Moreover, helping these possible blockchain users to understand the implied factors associated with blockchain would be beneficial for the decision-making processes of their organizations.","systematic review","IEEE Access","1","10.1109/access.2021.3050241","https://consensus.app/papers/a-comparative-study-blockchain-technology-utilization-ali-jaradat/85a0ff29d75051e4be361854cd717fe7/"
"Understanding the factors that determine workplace coaching effectiveness: a systematic literature review","Workplace coaching effectiveness is influenced by self-efficacy, coaching motivation, goal orientation, trust, interpersonal attraction, feedback intervention, and supervisory support.","Gil Bozer, Rebecca J. Jones",2018,192,"ABSTRACT Meta-analytic results have established that workplace coaching is effective, however, little is known about the determinants of coaching effectiveness. This paper reports an inclusive systematic literature review, covering the quantitative and qualitative research on workplace coaching. We focus on seven promising areas in the current workplace coaching literature that emerged by the synthesis of 117 empirical studies: self-efficacy, coaching motivation, goal orientation, trust, interpersonal attraction, feedback intervention, and supervisory support. The major contribution of our paper is the systematic integration of well-established theoretical constructs in the workplace coaching context and the new insights we provide in the synthesis of these literatures. Based on our review, we provide specific recommendations to be addressed in future research, including recommended research methodologies, which we propose will significantly progress the field of workplace coaching theory and practice.","systematic review","European Journal of Work and Organizational Psychology","1","10.1080/1359432x.2018.1446946","https://consensus.app/papers/understanding-the-factors-that-determine-workplace-bozer-jones/5b7d49d166db5f4eafad964a3a104eb8/"
"Uncovering Industry 4.0 technology attributes in sustainable supply chain 4.0: A systematic literature review","Industry 4.0 technologies like Blockchain and Internet of Things can significantly enhance sustainability in supply chains.","Saoussane Srhir, Anicia Jaegler, J. R. Montoya-Torres",2023,61,"<jats:title>Abstract</jats:title><jats:p>Industry 4.0 technologies are transforming supply chain management from a linear model to what is known as supply chain 4.0, where operations are integrated, and flows stream in multiple directions. The study aims to explore the attributes of Industry 4.0 technologies and their impact to drive sustainability values. The findings were generated after a systematic literature review of 71 articles on various sustainability dimensions and multiple Industry 4.0 technologies. The study provides a review of the most studied technologies in the sustainable supply chain context and categorizes their attributes as well as their relevance to sustainability. The results show that advances in technologies such as Blockchain and Internet of Things have increased the potential for supply chains to reach sustainability values.</jats:p><jats:p>The study expands the existing literature and encourages businesses and the scientific community to investigate the power of Industry 4.0 technologies for sustainability.</jats:p><jats:p>It presents limitations and directions for future research.</jats:p>","systematic review","Business Strategy and the Environment","1","10.1002/bse.3358","https://consensus.app/papers/uncovering-industry-40-technology-attributes-in-srhir-jaegler/f998e5acbc745a3c9274a85dbaf768ac/"
"Understanding and shaping the future of work with self-determination theory","Self-determination theory helps shape the future of work by analyzing how technological innovations impact worker motivation, performance, and well-being.","Marylène Gagné, S. Parker, M. Griffin, Patrick D. Dunlop, Caroline Knight, Florian E. Klonek, Xavier Parent-Rocheleau",2022,323,"Self-determination theory has shaped our understanding of what optimizes worker motivation by providing insights into how work context influences basic psychological needs for competence, autonomy and relatedness. As technological innovations change the nature of work, self-determination theory can provide insight into how the resulting uncertainty and interdependence might influence worker motivation, performance and well-being. In this Review, we summarize what self-determination theory has brought to the domain of work and how it is helping researchers and practitioners to shape the future of work. We consider how the experiences of job candidates are influenced by the new technologies used to assess and select them, and how self-determination theory can help to improve candidate attitudes and performance during selection assessments. We also discuss how technology transforms the design of work and its impact on worker motivation. We then describe three cases where technology is affecting work design and examine how this might influence needs satisfaction and motivation: remote work, virtual teamwork and algorithmic management. An understanding of how future work is likely to influence the satisfaction of the psychological needs of workers and how future work can be designed to satisfy such needs is of the utmost importance to worker performance and well-being.

© Springer Nature America, Inc. 2022.","literature review","Nature Reviews Psychology","1","10.1038/s44159-022-00056-w","https://consensus.app/papers/understanding-and-shaping-the-future-of-work-with-gagn-parker/5a33ea171cef58708c32e80510acaa07/"
"Investigating factors influencing consumer decision-making while choosing green products","Consumers' knowledge, commitment, and general awareness of green products influence their green consciousness and decision-making while choosing green products, including environmental benefits, economic benefits, reliability, and appearance.","P. Maniatis",2016,311,"","cross-sectional study","Journal of Cleaner Production","1","10.1016/j.jclepro.2015.02.067","https://consensus.app/papers/investigating-factors-influencing-consumer-maniatis/f1420be2148b5ed4b0d586da46da13ed/"
"Designing human-robot collaboration (HRC) workspaces in industrial settings: A systemic literature review","This paper reviews the literature on designing human-robot collaboration workspaces in industrial settings, highlighting the need for safe, ergonomic, sustainable, and healthy environments that consider technical, social, and psychophysical aspects of collaboration.","A. Simões, Ana Sofia Brás Pinto, Joana Santos, Sofia Pinheiro, David Romero",2022,171,"","systematic review","Journal of Manufacturing Systems","1","10.1016/j.jmsy.2021.11.007","https://consensus.app/papers/designing-humanrobot-collaboration-hrc-workspaces-in-simes-pinto/445b93076c6a58cea6c68653bac73a4a/"
"Professional autonomy in nursing: An integrative review.","Professional autonomy in nursing involves independence in decision-making, using one's own competence, and fostering shared leadership, professional skills, collaboration, and a healthy work environment.","Katja Pursio, P. Kankkunen, E. Sanner-Stiehr, T. Kvist",2021,191,"Aim: To summarize knowledge of professional autonomy in nursing.

Background: Professional autonomy is associated with experienced meaningfulness of the work. This refers to participation in decision-making and the ability to influence working practices.

Evaluation: In an integrative review, relevant studies were retrieved from four databases. Quality was systematically evaluated using critical appraisal tools. PRISMA guidelines were followed. Inductive content analysis was used to analyse current knowledge of the focal subject.

Key issues: The search identified 27 relevant studies published between 2000 and 2019. Elements describing nurses' professional autonomy were independence in decision-making and ability to utilize one's own competence. Themes relating to nurses' professional autonomy were shared leadership, professional skills, inter- and intra-professional collaboration and healthy work environment.

Conclusion: Understanding the multidimensional nature of professional autonomy is essential to create attractive work environments. It is important to enable nurses to participate in decision-making and develop nursing through shared leadership to enhance the recruitment and retention of a skilled workforce.

Implications for nursing management: The findings have anticipated utility for supporting nursing practice and nurse leaders' understanding of approaches to foster nurses' professional autonomy.

© 2021 The Authors. Journal of Nursing Management published by John Wiley & Sons Ltd.","systematic review","Journal of nursing management","1","10.1111/jonm.13282","https://consensus.app/papers/professional-autonomy-in-nursing-an-integrative-review-pursio-kankkunen/d88885b1eaab50caba1e3f005a4e26c5/"
"Feature selection in machine learning: A new perspective","Feature selection in machine learning reduces computation time, improves learning accuracy, and enhances understanding of the learning model or data.","Jie Cai, Jiawei Luo, Shulin Wang, Sheng Yang",2018,1798,"","literature review","Neurocomputing","1","10.1016/j.neucom.2017.11.077","https://consensus.app/papers/feature-selection-in-machine-learning-a-new-perspective-cai-luo/7c389161d8c95d99887cbe4150b7c6df/"
"Prevalence, associated factors and adverse outcomes of workplace violence towards nurses in psychiatric settings: A systematic review.","Workplace violence against psychiatric nurses is prevalent and associated with poor mental health and negative work-related outcomes.","S. Jang, Y. Son, Haeyoung Lee",2021,92,"Workplace violence towards psychiatric nurses by psychiatric patients is common, which can potentially affect care quality as well as nurses' health. This study aimed to synthesize the literature on workplace violence towards psychiatric nurses and identify the prevalence and factors influencing workplace violence and related outcomes. PubMed, Cochrane Library, CINAHL, EMBASE and PsychINFO were searched for English articles on workplace violence against psychiatric nurses published from January 2011 to December 2020. Sixteen articles were selected for the systematic review. This was followed by quality assessment and data extraction. The workplace violence prevalence ranged 11.4-97.6%. Diagnosis of the patient; nurse-related factors such as age, sex, marital status, education, emotional intelligence level and personality; and work shift were associated with the occurrence of workplace violence. Psychiatric nurses who experienced workplace violence had primarily poor mental health such as depressive symptoms and negative work-related outcomes such as turnover intention. The results revealed that there were relatively few patient-related factors associated with workplace violence and few reports on workplace violence-related to nurses' physical health, suggesting the need for a multi-dimensional approach. Future studies are needed to develop standardized instruments for workplace violence investigation considering inpatients psychiatric settings. Effective workplace violence prevention strategies should consider comprehensive patient-, nurse- and occupation-related factors.

© 2021 John Wiley & Sons Australia, Ltd.","systematic review","International journal of mental health nursing","1","10.1111/inm.12951","https://consensus.app/papers/prevalence-associated-factors-and-adverse-outcomes-of-jang-son/e515b38dee955b4aaa361469ffb1f503/"
"Big Data technologies: A survey","This paper reviews various Big Data technologies to help select the right combination for specific applications' needs, highlighting their features, advantages, limitations, and usages.","A. Oussous, Fatima-Zahra Benjelloun, A. A. Lahcen, Samir Belfkih",2017,859,"","","Journal of King Saud University Computer and Information Sciences","1","10.1016/j.jksuci.2017.06.001","https://consensus.app/papers/big-data-technologies-a-survey-oussous-benjelloun/d3498709eeff5f4ca9c4c1b898919639/"
"Knowledge management, decision-making style and organizational performance","Knowledge management enabling factors and decision-making style (intuitive or rational) positively impact organizational performance through the knowledge creation process.","A. Abubakar, Hamzah Elrehail, M. Alatailat, A. Elçi",2017,771,"","theoretical, modeling, or simulation study","Journal of Innovation & Knowledge","1","10.1016/j.jik.2017.07.003","https://consensus.app/papers/knowledge-management-decisionmaking-style-and-abubakar-elrehail/73cc510fb05652728729549c415c49ad/"
"Influence of communication determinants on safety commitment in a high-risk workplace: a systematic literature review of four communication dimensions","Safety communication, communication climate, and satisfaction significantly influence safety commitment in high-risk workplaces, such as the oil and gas industry.","Jamil Zara, S. Nordin, A. Isha",2023,55,"Health, safety, and environment (HSE) are critical aspects of any industry, particularly in high-risk environments, such as the oil and gas industry. Continuous accident reports indicate the requirement for the effective implementation of safety rules, regulations, and practices. This systematic literature review examines the relationship between safety communication and safety commitment in high-risk workplaces, specifically focusing on the oil and gas industry. The review comprises 1,439 articles from 2004 to 2023, retrieved from the Scopus and Web of Science databases following the PRISMA comprehensive guidelines. This study considers safety communication, communication climate, and communication satisfaction to evaluate their influence on safety commitment under occupational health and safety. This study identifies safety commitment issues and their underlying factors, discussing measures for preventing and reducing accidents and incidents and highlighting preventive measures for future research. It also signifies the variables influencing accident and incident rates. The research underscores the importance of communication dimensions and the need for workers to possess adequate skills, knowledge, and attitudes regarding occupational safety and health procedures. Moreover, the study contributes to the industrial and academic domains by improving organizational safety commitment, promoting a safety culture, and developing effective communication strategies. Furthermore, practitioners may benefit from this comprehensive overview in developing, evaluating, and enhancing occupational safety.

Copyright © 2023 Zara, Nordin and Isha.","systematic review","Frontiers in Public Health","1","10.3389/fpubh.2023.1225995","https://consensus.app/papers/influence-of-communication-determinants-on-safety-zara-nordin/8e20aae2c81a5e8a99657084a5a1d2ab/"
"Technology trends in the creative and cultural industries sector: a systematic literature review","Digital content technology trends are driving changes in the creative and cultural industries, fostering innovation and professionalization in the creative economy.","L. Ortiz-Ospino, E. González-Sarmiento, J. Roa-Perez",2025,26,"This article focuses on reviewing technology trends related to the creative and cultural industries (CCIs) and their impact on the development of cultural goods and services. Through a systematic literature review and a technology oversight process, the most influential global technology trends for CCIs are identified, with a specific focus on digital content. The results reveal that these technology trends are driving changes in the creation, the production, the distribution, and the consumption of digital content. On the demand side, there has been a significant increase in the consumption of digital content, fueled by improved access and technological efficiency. The pandemic has further accelerated this shift. On the supply side, CCIs have leveraged internet access and mobile devices to promote brands, deploy digital marketing strategies, and expand e-commerce. The study identifies key subsectors of CCIs in the digital content field, including audiovisual, design, editorial and publishing, music and entertainment, digital advertising, information technology, software, computer services, and video games. Finally, it highlights the key role of CCIs in the transition toward a more sustainable and socially responsible economy. This study provides valuable insights into the dynamics of CCIs and the technological trends reshaping this sector, fostering innovation and professionalization in the creative economy.","systematic review","Journal of Innovation and Entrepreneurship","1","10.1186/s13731-025-00497-6","https://consensus.app/papers/technology-trends-in-the-creative-and-cultural-industries-ortiz-ospino-gonzlez-sarmiento/2a1822c320d95bbf90b5d46e53323a61/"
"Impact of digital surge during Covid-19 pandemic: A viewpoint on research and practice","The Covid-19 pandemic has led to a surge in digital technologies, affecting work-at-home, gig economy, blockchain, online fraud, surveillance, and privacy.","R. De', Neena Pandey, Abhipsa Pal",2020,877,"","commentary or perspective","International Journal of Information Management","1","10.1016/j.ijinfomgt.2020.102171","https://consensus.app/papers/impact-of-digital-surge-during-covid19-pandemic-a-de-pandey/36faa9199e725c8c9ae58dafee0372c9/"
"A systematic review on the impact of teacher professional development on digital instructional integration and teaching practices","Effective teacher professional development programs, including collaborative learning environments, hands-on digital training, ongoing mentorship, and institutional support, positively impact teachers' attitudes, confidence, and competencies towards digital instructional integration.","Stephen Kwashie Amemasor, Stephen Opoku Oppong, Benjamin Ghansah, Ben-Bright Benuwa, D. Essel",2025,108,"This systematic review examines the influence of teacher professional development (TPD) programs on teachers’ attitudes toward digital instructional integration (DII). By analyzing 23 peer-reviewed studies published between 2020 and 2024, this study explores the key components of effective TPD programs and their impact on digital instructional practices. The review follows the PRISMA framework, detailing a structured selection process, including database searches, inclusion and exclusion criteria, and a rigorous qualitative synthesis of findings. Results indicate that effective TPD programs share key characteristics, including collaborative learning environments, hands-on digital training, ongoing mentorship, and institutional support. These elements foster positive shifts in teachers’ attitudes, confidence, and competencies regarding DII. The study highlights the need for sustained and context-specific professional development initiatives beyond one-time training sessions to ensure meaningful and long-term integration of digital tools in education. This review contributes to the field by providing evidence-based insights into designing and implementing impactful TPD programs. Its findings inform policymakers, educators, and professional development providers on structuring TPD to maximize digital instructional integration. Future research should explore the longitudinal impacts of TPD on teaching efficacy and student outcomes in technology-enhanced learning environments.","systematic review","Frontiers in Education","2","10.3389/feduc.2025.1541031","https://consensus.app/papers/a-systematic-review-on-the-impact-of-teacher-professional-amemasor-oppong/8ce0a6d2947855b1aa010dafc9800d2f/"
"Gender differences in information and communication technology use & skills: a systematic review and meta-analysis","Boys show a small positive effect in ICT use and skills, but this finding needs further validation and collaboration among various stakeholders.","Atika Qazi, Najmul Hasan, O. Abayomi-Alli, Glenn Hardaker, Ronny Scherer, Yeahia Sarker, Sanjoy Kumar Paul, Jaafar Zubairu Maitama",2021,148,"Even though information and communication technology (ICT) is essential for everyday life and has gained considerable attention in education and other sectors, it also carries individual differences in its use and relevant skills. This systematic review aims to examine the gender differences in ICT use and skills for learning through technology. A comprehensive search of eight journal databases and a specific selection criterion was carried out to exclude articles that match our stated exclusion criteria. We included 42 peer-reviewed empirical publications and conference proceedings published between 2006 and 2020. For a subsample of studies, we performed a small-scale meta-analysis to quantify possible gender differences in ICT use and skills. A random-effects model uncovered a small and positive, yet not significant, effect size in favor of boys (g = 0.17, 95% CI [-0.01, 0.36]). However, this finding needs to be further backed by large-scale meta-analyses, including more study samples and a broader set of ICT use and skills measures. We highlight several concerns that should be addressed and more thoroughly in collaboration with one another to better IT skills and inspire new policies to increase the quality of ICT use. The findings from this review further suggest implications and present existing research challenges and point to future research directions.

© The Author(s), under exclusive licence to Springer Science+Business Media, LLC, part of Springer Nature 2021.","meta-analysis","Education and Information Technologies","1","10.1007/s10639-021-10775-x","https://consensus.app/papers/gender-differences-in-information-and-communication-qazi-hasan/d813d549957151c28ea71c91d6feff58/"
"Ecological niche modeling in Maxent: the importance of model complexity and the performance of model selection criteria.","Inappropriately complex or simple Maxent models reduce habitat quality, variable importance, and model transferability, while information criteria offer significant advantages over traditional methods.","D. Warren, Stephanie N. Seifert",2011,2192,"Maxent, one of the most commonly used methods for inferring species distributions and environmental tolerances from occurrence data, allows users to fit models of arbitrary complexity. Model complexity is typically constrained via a process known as L1 regularization, but at present little guidance is available for setting the appropriate level of regularization, and the effects of inappropriately complex or simple models are largely unknown. In this study, we demonstrate the use of information criterion approaches to setting regularization in Maxent, and we compare models selected using information criteria to models selected using other criteria that are common in the literature. We evaluate model performance using occurrence data generated from a known ""true"" initial Maxent model, using several different metrics for model quality and transferability. We demonstrate that models that are inappropriately complex or inappropriately simple show reduced ability to infer habitat quality, reduced ability to infer the relative importance of variables in constraining species' distributions, and reduced transferability to other time periods. We also demonstrate that information criteria may offer significant advantages over the methods commonly used in the literature.","theoretical, modeling, or simulation study","Ecological applications : a publication of the Ecological Society of America","1","10.1890/10-1171.1","https://consensus.app/papers/ecological-niche-modeling-in-maxent-the-importance-of-warren-seifert/281b982b683850cc9cd0f230cd1d1148/"
"Key drivers in the behavior of potential consumers of remanufactured products: a study on laptops in Spain","Potential consumers of remanufactured laptops in Spain are driven by environmental concerns, cost, and convenience, providing valuable information for companies implementing green initiatives.","Beatriz Jiménez-Parra, S. Rubio, M. Vicente-Molina",2014,180,"","cross-sectional study","Journal of Cleaner Production","1","10.1016/j.jclepro.2014.05.047","https://consensus.app/papers/key-drivers-in-the-behavior-of-potential-consumers-of-jimnez-parra-rubio/3655b5e8bf4357a69d7008bbe39b8f54/"
"Predicting changing pattern: building model for consumer decision making in digital market","The study proposes a model to predict consumer decision-making in digital markets, highlighting the importance of innovative and trendy products, brand and quality, and fulfillment and time energy for service providers to retain customers.","Anil Kumar, S. Mangla, S. Luthra, Nripendra P. Rana, Yogesh Kumar Dwivedi",2018,99,"
Purpose
Consumers have the multiple options to choose their products and services, which have a significant impact on the pattern of consumer decision making in digital market and further increases the challenges for the service providers to predict their buying pattern. In this sense, the purpose of this paper is to propose a structural hierarchy model for analyzing the changing pattern of consumer decision making in digital market by taking an Indian context.


Design/methodology/approach
To accomplish the objectives, the research is conducted in two phases. An extensive literature review is performed in the first phase to list the factors related to the changing pattern of consumer decision making in digital market and then fuzzy Delphi method is applied to finalize the factors. In the second phase, fuzzy analytic hierarchy process (AHP) is employed to find the priority weights of finalized factors. The fuzzy set theory allows capturing the vagueness in the data.


Findings
The findings obtained in this study shows that consumers are much conscious about innovative and trendy products as well as brand and quality; therefore, the service providers must think about these two most important factors so that they can able to retain their consumer in their online portal.


Practical implications
The analysis shows that “innovative and trendy” is the first priority factor for the consumers followed by “brand and quality” and “fulfilment and time energy.” The proposed model can help the marketers and service providers in predicting customers’ preferences and their changing pattern efficiently under vague surroundings. The outcomes of this research work not only help the service provider to update their products and services according to consumers’ needs but can also help them to increase profit and minimize their risk.


Originality/value
This work contributes to consumer research literature focusing on problem evaluation in the context of changing pattern of consumer decision making in digital era.
","theoretical, modeling, or simulation study","J. Enterp. Inf. Manag.","1","10.1108/jeim-01-2018-0003","https://consensus.app/papers/predicting-changing-pattern-building-model-for-consumer-kumar-mangla/ba77f7c59f50513a837b06824e9de9bd/"
"A Systematic Review of Implementing Multi-Criteria Decision-Making (MCDM) Approaches for the Circular Economy and Cost Assessment","Multi-Criteria Decision-Making (MCDM) is a valuable tool for evaluating the circular economy, balancing environmental, economic, and social criteria.","Ali Tighnavard Balasbaneh, Silvio Aldrovandi, Willy Sher",2025,41,"This study advances circular economy initiatives by advocating for the use of Multi-Criteria Decision-Making (MCDM). MCDM methods address the complex multi-faceted aspects of a product or process. They enable conflicting calculations of energy, cost, environmental criteria, and payback periods to be balanced. A systematic critical systematic review and bibliometric analysis were conducted to investigate the contribution of MCDM to the circular economy. The Scopus database was the primary data source reviewed. The geographical distribution, main research sources, and keyword co-occurrences were analyzed across 31 peer-reviewed book chapters, conference papers, and journal articles. The journal Sustainability (Switzerland) had the most publications (4), followed by the Journal of Business Strategy and the Environment and the Journal of Cleaner Production, each with two articles. Recently MCDM has gained popularity as a tool for evaluating the circular economy. This growing interest may be attributed to the complexity of the circular economy, as MCDM effectively balances multiple environmental criteria while integrating evaluations of economic cost and social impact. Criteria are incommensurable as each criterion has a distinct unit of measurement, making it impossible to compare outcomes across different indicators. MCDM is thus an ideal technique for assessing different options by integrating criteria within testable frameworks. However, no established patterns for selecting specific MCDM methods were identified. This is despite some options (e.g., combinations of AHP and TOPSIS) being used more frequently than others. In conclusion, all the studies identified financial factors as the most significant or highly sensitive issue in the transition toward a circular economy.","systematic review","Sustainability","1","10.3390/su17115007","https://consensus.app/papers/a-systematic-review-of-implementing-multicriteria-balasbaneh-aldrovandi/d34c0bc9e6a65a0db986af933af9d9c6/"
"Workplace Spirituality and Its Impact on Employee Well-Being: A Systematic Literature Review of Global Evidence","Religious workplace practices positively correlate with employee well-being, but organizations must balance religious expression with inclusivity to foster a supportive and harmonious work environment.","Aminun Nabil Ahmad Syahir, Mohd Syukri Zainal Abidin, C. Z. Sa’ari, Muhamad Zulfadli Abdul Rahman",2025,31,"Employee well-being is a critical factor influencing organizational performance, job satisfaction, and overall productivity. The role of religión in the workplace in shaping employee well-being has gained increasing scholarly attention, yet a comprehensive synthesis of existing literature remains limited. Further the lack of a comprehensive synthesis makes it difficult to assess the overall impact of religious environments on employees' psychological and professional experiences. This systematic literature review examines the impact of religious workplace environments on employee well-being from global evidence by analyzing 38 relevant studies retrieved from the Scopus and Web of Science databases. The review follows the PRISMA guidelines to ensure a rigorous selection and evaluation process focusing on studies published between 2020 and 2024. The findings were divided into four themes, namely: workplace spirituality and employee well-being, spiritual leadership and organizational performance, workplace spirituality and employee engagement or motivation, and religiosity, spirituality, and employee experiences. The results indicate that a majority of the studies demonstrate a positive correlation between religious workplace practices and employee well-being metrics, reinforcing the significance of organizational spirituality. Despite these benefits, the review underscores the importance of inclusive workplace policies to ensure that religious expression does not lead to alienation or conflict. The study concludes that while religious workplaces can significantly enhance employee well-being, organizations must balance religious expressions with inclusivity to foster a supportive and harmonious work environment. Future research should explore cross-cultural comparisons and longitudinal studies to better understand the long-term implications of religious workplace settings on employee well-being.

© 2025. The Author(s).","systematic review","Journal of Religion and Health","1","10.1007/s10943-025-02350-2","https://consensus.app/papers/workplace-spirituality-and-its-impact-on-employee-syahir-abidin/8d33c1048c7256b8a5c212cefd3333fd/"
"Resilience in the Workplace: A Multilevel Review and Synthesis","Resilience in the workplace is crucial for employees to handle adversity and positively influence organizational outcomes, but its conceptualization, development, and influence remain in debate.","Silja Hartmann, M. Weiss, Alexander Newman, M. Hoegl",2019,412,"In an increasingly dynamic business environment, the concept of resilience is fundamental to understanding how employees successfully handle adversity. Yet, the operationalisation of the concept, the factors which lead to its development, and how and why it influences outcomes of interest to organisations are issues still under debate in the literature. In this article, we address these debates by undertaking a critical review of research on resilience in the workplace at both the individual and team levels. We pinpoint different conceptualisations of resilience and highlight how resilience has been measured in extant quantitative work. Further, we provide a systematic literature review of empirical work on the antecedents and outcomes of resilience at the individual and team levels, as well as conduct a review of work that has introduced resilience as a moderator or mediator. In doing so, we highlight theoretical approaches that have been adopted to study resilience in the workplace. Based on our review of the extant empirical work on resilience, we develop a roadmap for future research. In particular, we pinpoint relevant theoretical approaches that help us understand the mechanisms underlying the development and outcomes of resilience and highlight opportunities for empirical advancement of the literature.","systematic review","Applied Psychology","1","10.1111/apps.12191","https://consensus.app/papers/resilience-in-the-workplace-a-multilevel-review-and-hartmann-weiss/a69abaf7a5f058b18048974df5892989/"
"Enhancing employees’ performance and well-being with nature exposure embedded office workplace design","Workplace design that integrates both indoor and outdoor nature exposure improves employee well-being and performance, contributing to integrated sustainability.","Abdul-Manan Sadick, Imriyas Kamardeen",2020,89,"","systematic review","Journal of building engineering","1","10.1016/j.jobe.2020.101789","https://consensus.app/papers/enhancing-employees-performance-and-wellbeing-with-sadick-kamardeen/43b5ae61a6545e399cc1b454975596c7/"
"FinMem: A Performance-Enhanced LLM Trading Agent With Layered Memory and Character Design","FinMem, a LLM-based trading agent, outperforms advanced algorithms in real-world financial trading by utilizing layered memory and character design for efficient data assimilation and decision-making.","Yangyang Yu, Haohang Li, Zhi Chen, Yuechen Jiang, Yang Li, Jordan W. Suchow, Denghui Zhang, K. Khashanah",2023,195,"We introduce FinMem, a novel Large Language Models (LLM)-based agent framework for financial trading, designed to address the need for automated systems that can transform real-time data into executable decisions. FinMem comprises three core modules: Profile for customizing agent characteristics, Memory for hierarchical financial data assimilation, and Decision-making for converting insights into investment choices. The Memory module, which mimics human traders’ cognitive structure, offers interpretability and real-time tuning while handling the critical timing of various information types. It employs a layered approach to process and prioritize data based on its timeliness and relevance, ensuring that the most recent and impactful information is given appropriate weight in decision-making. FinMem’s adjustable cognitive span allows retention of critical information beyond human limits, enabling it to balance historical patterns with current market dynamics. This framework facilitates self-evolution of professional knowledge, agile reactions to investment cues, and continuous refinement of trading decisions in financial environments. When compared against advanced algorithmic agents using a large-scale real-world financial dataset, FinMem demonstrates superior performance across classic metrics like Cumulative Return and Sharpe ratio. Further tuning of the agent’s perceptual span and character setting enhances its trading performance, positioning FinMem as a cutting-edge solution for automated trading.","theoretical, modeling, or simulation study","IEEE Transactions on Big Data","1","10.1109/tbdata.2025.3593370","https://consensus.app/papers/finmem-a-performanceenhanced-llm-trading-agent-with-yu-li/5651cdce424e54bea80bc7f0e5469351/"
